dest,bytes,sha256
config_targeted_user_confirmed_80_no_leakage_20260603.yaml,5933,16178365c79ef9e241fd490f911ab9d5fbb716fe02eb795bc71bb2380062e365
data/features_targeted_user_confirmed_80_20260603/B0.csv,73159,540dc1fed133702f77ad5fdc915d9c460a625e97f2cc7a16597ac30920ff19f4
data/features_targeted_user_confirmed_80_20260603/B1.csv,112475,fe8d76d9308dd93f1545fee5260d3ab8579040f74189319d87d7ef0d95e71009
data/features_targeted_user_confirmed_80_20260603/B2.csv,693758,9f73dc05ad065e79a8236683990181a13adc4a2aa287ca8d41354f2f3349b461
data/features_targeted_user_confirmed_80_20260603/B3.csv,801056,00747056c1eb3d45ef9e3a80783197b82cb52521202a059064e4219497000d3c
data/independent_blind_audit_labels_HUMAN_AUTHOR_CONFIRMED_20260606.csv,82450,4e8ea0e455ff964f51f944b44020d6bd131bf2d29df7575ee85740d78d9b1768
data/landscape_covariates_TARGETED_USER_CONFIRMED_80_20260603.csv,82534,18818d6d3d65027ba4f19978fc45d15de4ce579083cbf6ccfce701ee9e60c26d
data/reference_samples_TARGETED_USER_CONFIRMED_80_20260603.csv,317542,a988f490e2f4b0bfafc20b94ca98748ca11da9b2c7087f345aa8c51a181b0431
data/reference_samples_TARGETED_USER_CONFIRMED_80_20260603_NEWLY_CONFIRMED_ROWS.csv,110791,414b050828a62dc7b307c830a7205bcf91ea004aca0d4a10ffde6d63995512b4
data/reference_samples_TARGETED_USER_CONFIRMED_80_20260603_WITH_REGION.csv,317542,a988f490e2f4b0bfafc20b94ca98748ca11da9b2c7087f345aa8c51a181b0431
figures_revision10_mondrian_router_standard_20260614/figure2_revision10_crossfit_router.png,376829,56061b53da6a7b238fd67f28310b98f3805c0fa456f72ae8bf05e4b61b860fbe
figures_revision10_mondrian_router_standard_20260614/figure2_revision10_crossfit_router_provenance.json,612,4aa621bd6c17f8d4adcd62b3f5b407c6a0a0450d35c2524b3ec2bc136442b435
figures_revision10_mondrian_router_standard_20260614/figure3_revision10_budget.png,120642,d451604dc9b5f532868bd43e2448a5f59d0abaa39abfeeee3246764a1b385145
figures_revision10_mondrian_router_standard_20260614/figure3_revision10_budget_provenance.json,354,24662ae5607beb4697ae824fdc2c273a7d0ac0f3eb20f28430bade0af88c4cff
figures_revision10_mondrian_router_standard_20260614/figure_r10_b3_risk_coverage_600dpi.png,387451,61643a7cd3d3f51d62b2ebca195ccfa5a032798f72491cd2a1521d90da46ed08
figures_revision10_mondrian_router_standard_20260614/figure_r10_router_action_distribution_600dpi.png,184670,8aab41d0c240e6338b1e367ad16bfdffd75318a9bcbfdfeaffa4107bab7f7d01
figures_revision10_open_public_evidence_audit_20260614/figure_open_ground_view_availability_by_queue_600dpi.png,216012,5962340a6d7d9667814ca3695d824c2feb1b84719435af9998507116b5f94a75
figures_revision10_open_public_evidence_audit_20260614/figure_public_evidence_query_status_600dpi.png,171254,09fb35ab790bdb888f2f7db3dd2da97757c1981ab620678a0cd2f6df6bc4c3cd
figures_revision10_spatial_crossfit_router_optimized_20260614/figure_r10_b3_risk_coverage_600dpi.png,370914,8d39eebe81ecfe0877dac5a150b72f0da4a7ef8afd90575a2eaf24dabe70585a
figures_revision10_spatial_crossfit_router_optimized_20260614/figure_r10_router_action_distribution_600dpi.png,188521,03b5191cff0c971b99494837cb1558834bbf2bbcee7ce0f301db1618e9ea4318
figures_revision10_spatial_crossfit_router_standard_20260614/figure2_revision10_crossfit_router.png,382032,80c8aee45f2eb3c1c753de4521a4fffdc45f301708660bdc68986e9b8234b46e
figures_revision10_spatial_crossfit_router_standard_20260614/figure2_revision10_crossfit_router_provenance.json,644,faad5f50e63ba88efd62b42303678d7d065bf0de65356b8c18d1fae8300eea23
figures_revision10_spatial_crossfit_router_standard_20260614/figure_r10_b3_risk_coverage_600dpi.png,412177,d05a28936435960a95cdf9d059958acade45e62dc3c49880716c6648cb130c64
figures_revision10_spatial_crossfit_router_standard_20260614/figure_r10_router_action_distribution_600dpi.png,184670,8aab41d0c240e6338b1e367ad16bfdffd75318a9bcbfdfeaffa4107bab7f7d01
figures_revision11_class_support_repair_20260614/figure_r11_b3_supported_vs_unsupported_by_class.png,294923,23858642cabe207af16517dab193504e04bc22a4d87ab08d33647100248fc949
figures_revision12_support_density_sensitivity_20260614/figure_r12_support_density_frontier.png,57826,7843b6720a36fc04494d1575a3126e81dbafe9176776595ef7cbdce4b4473d3c
figures_revision9_aoa_conformal_20260614/figure_dual_axis_budget_comparison_600dpi.png,361831,24d0bdba63193315d2f722310ab6531ed9d637d6d1c82049f0ee19829de11301
figures_revision9_aoa_conformal_20260614/figure_dual_axis_router_quadrants_600dpi.png,332681,9df86cbae85e2ab2dff12536ec10969c7f5ffc2b12588ad2929a736f8cc4b22f
figures_revision9_field_audit_budget_20260614/figure_field_audit_budget_600dpi.png,877559,5523b958639abb2a771761e6f3e2fb53d2b39c21e206d2031ece1eecbffce88a
figures_revision9_leave_region_feasibility_20260614/figure_leave_region_feasibility_600dpi.png,428172,2694cbd8a8c4ff6fa0a8da92c3560334a6df90ec24ae836628c0c8c5a3f38ee2
figures_revision9_spatial_sensitivity_20260614/figure7_strict_spatial_error_map.png,267467,f655e72e533b575eb03f8beb67dcb886f6c25ab419381b7a9f818b88adac3639
figures_revision9_spatial_sensitivity_20260614/figure8_prediction_disagreement_map.png,434894,078f4d05e02e9d5b359d986a091f88cc1f3e6b0677b8bab0133eb2c7e3a3c45a
figures_revision9_spatial_sensitivity_20260614/figure9_spatial_cv_sensitivity.png,303354,bdd415f4b3844182f17d2781ac428b94c33c4b208b36f97870155aebc93a31ef
figures_revision9_spatial_sensitivity_20260614/figure_provenance.json,807,dcf59637a8651a20e1cd45edbca772767056cf8df2bc01a6253750c6167ba682
figures_revision9_variogram_20260614/variogram_range.png,69426,db553024fcccdab7fa77653a69097865f072fc995f480f207edf20da215bd66f
figures_weak_reference_contamination_20260606/figure_weak_reference_contamination_600dpi.png,752136,d451f083a4ac52db32b5c5f20a47397304fcab2881be37c1f1d34a3007e3bae2
manuscript/CEA_trust_router_R12_CEA_FORMATTED_20260623_final_evidence_aligned.docx,1050119,0b0b5a57c6e83460fd2143a6c42ec5f2ec1438668c7dd9b9f2d4040f68b0cc46
manuscript/embedded_images_from_latest_docx/image1.png,72439,45f338cf5353999c1c988cf97191e72befcf3bc69db2237460ab0ee82e7e8516
manuscript/embedded_images_from_latest_docx/image2.png,80036,74f4a15c8ea297f53f8ee4bf79383f1df7c021b146908860f1a85ee2e044fbca
manuscript/embedded_images_from_latest_docx/image3.png,167086,ef55ce59dd1c1893de32e7d2360238c2422fba2d5dbec47de8338981a31424e1
manuscript/embedded_images_from_latest_docx/image4.png,72793,2a762e84669768caecdad4b9bf702aad50f76cf792f721f3084f751d795859a0
manuscript/embedded_images_from_latest_docx/image5.png,130107,a52c4b278abbf8c75c5625dbab5aa8c8ae3b8550ad66d1a8d5f043d2da196db2
manuscript/embedded_images_from_latest_docx/image6.png,211486,7e84a9930c58ed3ff9dc010fefd6f5975951ecbda6d7c86b8d8414faac1aa72c
manuscript/embedded_images_from_latest_docx/image7.png,86671,067d6e85fa315771652e55f2ce0d1fa65b6de7e6a4e771b2cea47b4f9738fd73
manuscript/embedded_images_from_latest_docx/image8.png,161799,480e8895813ce191f8aaacd97a808a2e124eb439284a92bde5ada01148c5a9ea
manuscript/embedded_images_from_latest_docx/image9.png,77351,47887f71cde9cada4b23ce0f1afa4d1b5b46e717ac4eb74691ad41f876c72e10
original_r12_package_metadata_20260615/PACKAGE_MANIFEST.csv,30134,c15fed92364309c6b48c4452e0d2af14504316a0b5ee6e404c3ca41a164dfdea
original_r12_package_metadata_20260615/PACKAGE_SUMMARY.json,736,715270ae83ddbd85f445ba844ca7cf661ae8cb19ef1c2d604aa2d42060aca7b8
original_r12_package_metadata_20260615/PACKAGE_VERIFY.json,804,f91c98a10256c3948169a19f054fd3c69bb37fae7cf113605161f71917c9507a
PACKAGE_README.md,1207,4f7b2563ab97feeb88b15d79443e95eeb2ea7ff7af18b4cfcfab3bbe9a2770e5
PACKAGE_REBUILD_NOTE_20260623.md,1439,5a2619732863dee28454b4478bd1abc1e2c3dc64b84f6aea87175c34efe64fb4
PROJECT_AGENTS.md,4345,2ff6babec4e74501ea3fb604f9b0755f28ba8b380405f4cee5b6f4a37fb15f43
qa/final_evidence_aligned_qa_20260623/final_evidence_alignment_qa_20260623.json,29545,7e4b0ad7fa94425bd1c3acb8a6208b2bd3c22d766174a5f583e790991ecf28a6
qa/final_evidence_aligned_qa_20260623/final_evidence_alignment_qa_20260623.md,863,3e1fe97a6a2b075aea7134aa78eebd0c90b72c214c566e784e695d7093e8b3e0
qa/final_evidence_aligned_qa_20260623/render_qa_summary_20260623.json,769,56bf7b2db36c721255b28dacce186ecdc026c452bcc42b838fe560fab4d1dd71
qa/final_evidence_aligned_qa_20260623/render_qa_summary_20260623.md,199,b9286028e19def5d3ab0b02c86eae523e5e94d3f1a857d93c8b45498dc5ac24c
qa/final_evidence_aligned_qa_20260623/rendered_docx/CEA_trust_router_R12_CEA_FORMATTED_20260623_final_evidence_aligned.pdf,1608711,55f47705df0746db517c2e10c3892d499d319b8f61590235baf7cb38e15053e3
qa/final_evidence_aligned_qa_20260623/rendered_docx/page-01.png,165917,fd4bcaa7fb7c06db483dcd3590a4dc69de2f63c68eabb092f79267a2c7c259d9
qa/final_evidence_aligned_qa_20260623/rendered_docx/page-02.png,234915,bd1279480d3219f1464dae36bdd96b3c3ecef59e923c939b4894cae96ab094a7
qa/final_evidence_aligned_qa_20260623/rendered_docx/page-03.png,178667,343fce0bf298ed46ceefd3cf36193d2ea22c25fbb181d68a3397e151c4cd8fa6
qa/final_evidence_aligned_qa_20260623/rendered_docx/page-04.png,145018,e309c6318151002dd7a73cc17fda8cef502add7339eb54ae590ed2b156ed6a2c
qa/final_evidence_aligned_qa_20260623/rendered_docx/page-05.png,196101,eb17745158032a58351465e71e3c1942f9f896c203c5c5cf7beea4abab36d3a8
qa/final_evidence_aligned_qa_20260623/rendered_docx/page-06.png,158129,c2ea0a909fa02d28645309a7ce6333c6fcc9a929cb5c5256690d4ec98267925b
qa/final_evidence_aligned_qa_20260623/rendered_docx/page-07.png,202482,b8d2b6439cbd3382da37db7c0e954bf057ac74f01c1853b7a226a768d4d13113
qa/final_evidence_aligned_qa_20260623/rendered_docx/page-08.png,204112,6347123ddd67182b64b07bf6f1505be6315d3f72f6ddd2eee83bdc1ac0b23385
qa/final_evidence_aligned_qa_20260623/rendered_docx/page-09.png,214866,5e6bedc159dfa9a78be6e9a9893c3e035ca85906c69ffeb10f05d0abd82507ea
qa/final_evidence_aligned_qa_20260623/rendered_docx/page-10.png,195716,6dd660aa992334cd3187a29fe06464377d41484f23637ec84cf5fcaf1c94632f
qa/final_evidence_aligned_qa_20260623/rendered_docx/page-11.png,59795,7678f75eb0a9d38bba2279e73029864554fbf943b61d044f4cba13aa2d0aa039
qa/final_evidence_aligned_qa_20260623/rendered_docx/page-12.png,158507,8f87e2f045571580b0be6cc1dc258a1436fca6eb233a974e4d05c6f5dd43ade2
qa/final_evidence_aligned_qa_20260623/rendered_docx/page-13.png,124452,c85101dd42b094bd1e39a8a3610606ea131ad57329dead5e7490030e327687e8
qa/final_evidence_aligned_qa_20260623/rendered_docx/page-14.png,132291,cf96ad745dbbbb18da4769b7d2feb825015ca68d403bb4ac1d920e8e9a7230c9
qa/final_evidence_aligned_qa_20260623/rendered_docx/page-15.png,131572,3c31c5f962aadc0e340cdb0a7b305cde3590f38b4b695dcba44b8a455002185f
qa/final_evidence_aligned_qa_20260623/rendered_docx/page-16.png,132293,2a0c4271d69f8cbccf6f862156fcefda1a0bacbb9173cc92e751f29c3421049b
qa/final_evidence_aligned_qa_20260623/rendered_docx/page-17.png,137232,d254005923678d467fadb9998a5fb9e13687749ba374f6a5dfede8eb5d9e34fd
qa/final_evidence_aligned_qa_20260623/rendered_docx/page-18.png,169208,7ad02d80c1810c51708915680b343ef633de2bfa3b7aed5f6307d47f46cde408
qa/final_evidence_aligned_qa_20260623/rendered_docx/page-19.png,78618,40c04a20c4f239c76a3c68b545f95fa538d4872f8213fb2d48ce6b2a6cf6fb23
qa/final_evidence_aligned_qa_20260623/rendered_docx/page-20.png,107789,5785733015708dadba9c2bb250e358c49c90fc0c560fc33f64449aba9291b23e
qa/final_evidence_aligned_qa_20260623/rendered_docx/page-21.png,103060,ec292704bfe706dcc17981f8c49d6b6a6676d6cbcb4daad04bcf0c72c3b42442
qa/final_evidence_aligned_qa_20260623/rendered_docx/page-22.png,153059,67a51577454e08b9bf84622f565c159285890147572b2e1cc2d89f7823f2e3a6
qa/final_evidence_aligned_qa_20260623/rendered_docx/page-23.png,154799,a30374293554606d2e0029e5f904ca66caef594cccd85937035edb9dede0eee8
qa/final_evidence_aligned_qa_20260623/rendered_docx/page-24.png,231754,e842d3d2f17c91291013edc1269956305234791eec6a5d3f178e707a9a4d58ee
qa/final_evidence_aligned_qa_20260623/rendered_docx/page-25.png,203177,8e691749d67159cd76c1ceccb9ce703f0baaaafe6236fb1b0a868a95871566a1
qa/final_evidence_aligned_qa_20260623/rendered_docx/page-26.png,197733,dc00895f316c14ea05cc2082f0083931e388cafd71f43ec49c0d36f8c38dca46
qa/final_evidence_aligned_qa_20260623/rendered_docx/page-27.png,152334,2b27f67ca50be2f5d97b9727c857bb743fb560633b39045197dbec9c8d9e668d
qa/final_evidence_aligned_qa_20260623/rendered_docx/page-28.png,211658,a7b749b8a9db6e888c9e4400ba1a30587b9d3f61751359146d4db05f057851fc
qa/final_evidence_aligned_qa_20260623/rendered_docx/page-29.png,210920,9e0c3c329dd018f78cd5dfc61b59185ddc474dad1ba6a62ba0db27033b75e3bb
qa/final_evidence_aligned_qa_20260623/rendered_docx/page-30.png,212306,fffe6c1bd1fe20471630301965f770a09054159f0071da4c133f55368311ebdc
qa/final_evidence_aligned_qa_20260623/rendered_docx/render_contact_sheet_30_pages.png,720846,5b048034cac0e79d3a03c35217c0b5e55788bf99a13f96cc3301d64170c8fd5c
qa/final_evidence_aligned_qa_20260623/rendered_docx/render_visual_summary.json,345,419976e82011b446d3551050d8df0a1525b0ccc78a628d18ad08d732e33f9557
qa/qa_revision12_caption_ref_scan_20260614.json,851,146906c00e7dfa5486354bcb6c6efe96aedef8a6feac125bc74a1041e1321e61
qa/qa_revision12_citation_scan_20260614.txt,552,afb2b0b5bd35b133c0c31ce00eab962a057f9de4e1600e6b24dcd2610718f9da
qa/qa_revision12_docx_structural_qa_20260614.json,3764,be159745c9f1f53686a4856b811955241c2f00923c1a0cb246e5d499aac292ad
qa/qa_revision12_figure_ref_scan_20260614.txt,512,6101ba47ce81766f0e4e65022c290824a8d12dce9f8e33a0571c6e7db469050c
qa/render_check_revision12_20260614/render_qa_attempt_log.txt,4428,1356c56bf5e21a0f217be7eab1bd493b2e841f76b0c227fb7bb68feb84e75b16
requirements.txt,100,e16bc2c647adb05dba7638a76b31b6008c6737efb1088438ef4df31a6d45b7d9
results_revision10_crossfit_supporting_audits_20260614/revision10_crossfit_supporting_audits_provenance.json,2436,dacddc258924dc79245ce1335862740eb8c062db0814e96a2f69c7434d136739
results_revision10_crossfit_supporting_audits_20260614/table_r10_blind_audit_alignment.csv,1177,4e7cf40fe369569e5f2b059573e141864dc38ee05788eb2278a8a8c53b6316c6
results_revision10_crossfit_supporting_audits_20260614/table_r10_denominator_accounting.csv,1062,bcce93e81cbdb7fbd93b777a685d114a2fbbb84bfc93e7543bb3dc45c011b6f8
results_revision10_crossfit_supporting_audits_20260614/table_r10_field_audit_budget_summary.csv,2950,af28cf2f7afdae477aa4fe8bc0e86338ef801227df15240c6e587334a8ff3f05
results_revision10_crossfit_supporting_audits_20260614/table_r10_field_audit_selected_samples.csv,169737,7f919cde88e46b2e9a820c51b45b85a1d6b3947843c72317299bebd232eba564
results_revision10_crossfit_supporting_audits_20260614/table_r10_public_evidence_decision_input.csv,60887,35bdd6bbc8fb8d8f25057c827c5be434511044ada16cdd4f9404553d0557adf0
results_revision10_mondrian_router_standard_20260614/class_counts_verified.csv,1533,d3fc0c72efe545ae10948d98d34426836de9aad5f23499b0701584b4e7d38925
results_revision10_mondrian_router_standard_20260614/reference_sample_audit.csv,319,3037e6620ee7639f54256a5bb064a74100fe5487460177544da4457c2644e398
results_revision10_mondrian_router_standard_20260614/revision10_spatial_crossfit_router_provenance.json,7863,f3febf6327b0a084046e9e4d0f2f190423ea76a4f366933e090a5f380966cdd9
results_revision10_mondrian_router_standard_20260614/RUN_LOG_20260614T104713Z.txt,14291,5a2ffdcce4d70086d735c34f853ac1f1483d57553d523dece0657ab3e1eeabed
results_revision10_mondrian_router_standard_20260614/spatial_fold_leakage_audit.csv,4379,59f9257c6634a883c4992309067f2b95a9eee18587c9eb8ca20903442716d741
results_revision10_mondrian_router_standard_20260614/table_r10_class_support_gaps.csv,63667,7d5db4635e2c3d02180e5333a18e711920e2a191c3b1e6ac85ee01edf6487ffc
results_revision10_mondrian_router_standard_20260614/table_r10_fold_design_audit.csv,4379,59f9257c6634a883c4992309067f2b95a9eee18587c9eb8ca20903442716d741
results_revision10_mondrian_router_standard_20260614/table_r10_fold_metrics.csv,24912,0c4854449473690eb6f40b1c214e2a44da152ba26e12bd970e0c309326009c93
results_revision10_mondrian_router_standard_20260614/table_r10_fold_parameters.csv,17641,0b806e8b28f03da1e347d9c1053895f39205934fc7383a4852003aad81a34369
results_revision10_mondrian_router_standard_20260614/table_r10_plain_spatial_predictions.csv,1391554,6a1b5b1685f0e73a7cc8e7ee3f9fd0001afb11ac0b7211f6417b23bdafac6a81
results_revision10_mondrian_router_standard_20260614/table_r10_risk_coverage_curve.csv,328934,308cbbcff3f9c02c5181eef10466695254bff06a74dca4b48c9e6d94209c5365
results_revision10_mondrian_router_standard_20260614/table_r10_router_summary.csv,23013,3d95d3c10fd0d3ec96e376d18027a9b20d4d27591048fd4768f8f1dc89385e80
results_revision10_mondrian_router_standard_20260614/table_r10_sample_decisions.csv,2028335,8899962bcefad65ad8d7f1ffdf6cc417646643cf0f2b81667b706cf8a80c1fc6
results_revision10_mondrian_router_standard_20260614/table_r10_spatial_crossfit_performance.csv,6521,575f00c30109bf8669d159f23257205282a8c8db18fddf22023893047478ed96
results_revision10_open_public_evidence_audit_20260614/open_public_evidence_audit_provenance.json,5409,7942a573f1774c32c6c8fcae2c4503c137fc2ec8469176a30106d5ed5fd09d16
results_revision10_open_public_evidence_audit_20260614/open_public_evidence_protocol.md,1455,3506884014a7f817150a258d89ff84f2d426a98c8f4c2558c7305430943c5d9f
results_revision10_open_public_evidence_audit_20260614/table_open_evidence_blind_annotator_form_TO_FILL.csv,305652,c2d6d35aedc4401aaa3f4335b60ab2d75f679413c6c816853af8cbfd8c78f9c5
results_revision10_open_public_evidence_audit_20260614/table_open_evidence_overall_metrics.csv,422,f8a405fe75b1818830c36309b9240fe1893a09d381e833c61a7c8b2d22ccfbd0
results_revision10_open_public_evidence_audit_20260614/table_open_evidence_sample_links.csv,354077,22b6e6742ffa6600d886213c4d58afc29570f309bc55d468ed747abf79e86af2
results_revision10_open_public_evidence_audit_20260614/table_open_ground_view_api_status_by_sample.csv,420902,b8a820175785a11014e2498d512f5b7d8bc9731b5bda305e26b26e0768506d86
results_revision10_open_public_evidence_audit_20260614/table_public_evidence_query_log.csv,471915,c8e4b32cd8e42a219be89c6a804550dd9a0bbbf19147c9a22bb223c4b6b39222
results_revision10_open_public_evidence_audit_20260614/table_public_ground_view_availability_by_trust_action.csv,609,a958f52812bc760c0b3f68248092198476027a325b1fc9cfcfd4d41903792506
results_revision10_open_public_evidence_audit_20260614/table_public_ground_view_evidence_records.csv,460,302c4e38fc83b72e2faa8b54df3836fcc24936397ce6eb1a4439a0abd0b0cb87
results_revision10_open_public_evidence_audit_20260614/使用说明_公开证据链中文.md,1062,12bbb51e0631403199d4bfab4a4a7756256c796c282c23ce5351e14881f6cd2d
results_revision10_spatial_crossfit_router_optimized_20260614/class_counts_verified.csv,1533,238fd5b8a7ffdd68bec88715b4cf50fdd6b1b41e8b1c9cad862c241f6bf2b895
results_revision10_spatial_crossfit_router_optimized_20260614/reference_sample_audit.csv,319,3134e51977158c591a02fde5fc999c3728372285801be7c633e4badac1ea2209
results_revision10_spatial_crossfit_router_optimized_20260614/revision10_spatial_crossfit_router_provenance.json,8142,421c5f6642d2707c9bbeb8a86722f149f3fc399fd6be646501aceddf44945b61
results_revision10_spatial_crossfit_router_optimized_20260614/RUN_LOG_20260614T091818Z.txt,14139,ccc25083582fcf64bb9813ed27e671cb9feed4bd2bf1002cc2b245e6d982a326
results_revision10_spatial_crossfit_router_optimized_20260614/RUN_LOG_20260614T093103Z.txt,14252,5e95dcddd0b511ab69d030f2c6a0ad79abd6601138cebcdcf15fb0ed35b0dda2
results_revision10_spatial_crossfit_router_optimized_20260614/spatial_fold_leakage_audit.csv,4407,cfef034ac5842980c4c57f896234be82d58befc90b9187d5ebbd0ba127e16a6d
results_revision10_spatial_crossfit_router_optimized_20260614/table_r10_class_support_gaps.csv,62744,7dc448103d628186c548727a406b061f64b06a03593edd0700a789aafd67c1cb
results_revision10_spatial_crossfit_router_optimized_20260614/table_r10_fold_design_audit.csv,4407,cfef034ac5842980c4c57f896234be82d58befc90b9187d5ebbd0ba127e16a6d
results_revision10_spatial_crossfit_router_optimized_20260614/table_r10_fold_metrics.csv,21427,92791a359234fd6afd1832e407de7b0702f90ee38ed0a25487a00186e9aac4a6
results_revision10_spatial_crossfit_router_optimized_20260614/table_r10_fold_parameters.csv,16425,68dc6083ab8fe683017252860fe806aaa607945c9909ed4641167eaefe99d00c
results_revision10_spatial_crossfit_router_optimized_20260614/table_r10_plain_spatial_predictions.csv,1360099,88595504080c7af93e11c93ad20a72890db8b59fe320376061978c8d508f07bc
results_revision10_spatial_crossfit_router_optimized_20260614/table_r10_risk_coverage_curve.csv,232711,17ddbe80d8f0f72d248a5fd3ca01c6744e8ba1431c4b819f432864b31070ff56
results_revision10_spatial_crossfit_router_optimized_20260614/table_r10_router_summary.csv,22398,c073df2f6e360259d8f162d8c9a541fe7e87c4fb8fe6faccfde9e3e3ce3ec632
results_revision10_spatial_crossfit_router_optimized_20260614/table_r10_sample_decisions.csv,1979737,9d9ff2af8c5761f6cff86bcee3a0c9ea1aa6ef9526c062bb7be4845d55fd19c8
results_revision10_spatial_crossfit_router_optimized_20260614/table_r10_spatial_crossfit_performance.csv,6370,fbd6e8fdd887859a9c87afeb77e3718f1e3943645162445202305f8f68e2116f
results_revision10_spatial_crossfit_router_standard_20260614/class_counts_verified.csv,1533,56088ea8ae4b4e8ba7f6a9727bfec55823d2349247a62a5aed96bca64e82385d
results_revision10_spatial_crossfit_router_standard_20260614/reference_sample_audit.csv,319,e4cf51966fcee519b82e77950c921f2bafe888a790aeaecfba3dd152db084bc4
results_revision10_spatial_crossfit_router_standard_20260614/revision10_spatial_crossfit_router_provenance.json,7958,6e3c3a207e55d5f7fed10a7fc2491fba57a89b5df07d0a47028cb0eec0a007fc
results_revision10_spatial_crossfit_router_standard_20260614/RUN_LOG_20260614T093406Z.txt,14268,703189773d8f574a583565a76256af5f111ce5d3d1e916fd857c200cf8ef6e21
results_revision10_spatial_crossfit_router_standard_20260614/spatial_fold_leakage_audit.csv,4379,8bd2443a49325a8de4d4c8000ee713197f564ad98439a7799ebdc9296520464e
results_revision10_spatial_crossfit_router_standard_20260614/table_r10_class_support_gaps.csv,62392,fb4c50c6b8afc5d60083e5dd4c56e746d903af7fb33d83a8db639afbc0d77390
results_revision10_spatial_crossfit_router_standard_20260614/table_r10_fold_design_audit.csv,4379,8bd2443a49325a8de4d4c8000ee713197f564ad98439a7799ebdc9296520464e
results_revision10_spatial_crossfit_router_standard_20260614/table_r10_fold_metrics.csv,24417,9ea26cf23731d96f98e933599a1184efd879acef25682da9596d4caa64ba9c0b
results_revision10_spatial_crossfit_router_standard_20260614/table_r10_fold_parameters.csv,16652,d689207fd78d8ad8cd2c98ca0135f98a80940700375df49846590b0336fae9c6
results_revision10_spatial_crossfit_router_standard_20260614/table_r10_plain_spatial_predictions.csv,1360099,760d637363852523ba9c1674fb43666d64c17ab8df1518c508bcb4d5da71810b
results_revision10_spatial_crossfit_router_standard_20260614/table_r10_risk_coverage_curve.csv,306468,4e4693d2d83fe5de2d5a836361bc3561051bfadc6dd244d963f4212da6473709
results_revision10_spatial_crossfit_router_standard_20260614/table_r10_router_summary.csv,22463,747992bb86df85d1e7657427b5907a2efcc3d60fae4740871eb87944b0ba8124
results_revision10_spatial_crossfit_router_standard_20260614/table_r10_sample_decisions.csv,1971578,f63075b0e3f102a9da24d40443d195181760ad52452fe377a9e441fa5de710b4
results_revision10_spatial_crossfit_router_standard_20260614/table_r10_spatial_crossfit_performance.csv,6386,9e8d61cf9eeac7580286e41791f6047d312a68d3ae092dfe45dad1809c4075e0
results_revision11_class_support_repair_20260614/r11_b3_class_support_repair_provenance.json,4080,6a1ee0dd72a0b0c073c124ee99fec6f84c1d23d97aab3de1c9b78dc2e262acb6
results_revision11_class_support_repair_20260614/table_r11_b3_class_support_repair_summary.csv,4359,36a7aa8fb4c65a3ed6efe745c8578be29e9607ec8d3000303985c40b8c281cc8
results_revision11_class_support_repair_20260614/table_r11_b3_fold_class_support_feasibility.csv,25962,0cc77a50526fd6da251d0f3c797ec708ee6462ceb0c4b78fc244cfeb76a90d42
results_revision11_class_support_repair_20260614/table_r11_b3_random_cv_per_class_diagnostic.csv,2994,b7e8a60793043618546343e525eb86346ac3b210d9f92e6c0c07d7f1e4a10c31
results_revision11_class_support_repair_20260614/table_r11_b3_random_cv_prediction_diagnostic.csv,223777,6db6ec780f851cfc42f2aa45a4506cdd0414986e5ade9a1ead847f67bde545ba
results_revision11_class_support_repair_20260614/table_r11_b3_random_cv_summary_diagnostic.csv,707,972ce269e79f015ebc837c62ba956f9688d98456c5c8561e18a8c4aff556215d
results_revision11_class_support_repair_20260614/table_r11_b3_raw_spatial_forced_label_per_class_metrics.csv,6697,2b3dd4ed2067a8e2de24f1a2a5c9ad21a5d61a5916d97b6a266c6a4354b9c2b3
results_revision11_class_support_repair_20260614/table_r11_b3_support_accounting_by_class.csv,6301,b38e5d340fb55befc7481b2093f736e6965613955b14ac8ebe3987525660efe5
results_revision11_class_support_repair_20260614/table_r11_b3_support_aware_per_class_metrics.csv,6580,b5a3b84cb4db8e0d71453a9aa375d8cdc42de23655ec40331477382a0b8caa66
results_revision11_class_support_repair_20260614/table_r11_b3_support_aware_sample_decisions.csv,554958,b74393c049280a1953080dca274b7b1d7eeb131981ff77d390a482d3ed3e77ac
results_revision12_support_density_sensitivity_20260614/r12_support_density_sensitivity_provenance.json,4859,b31bb1d224cbc525640e1028be0ef2ff4b1f9fa1feccf19ef6006bed7d063a90
results_revision12_support_density_sensitivity_20260614/RUN_LOG_20260614T142242Z.txt,12645,9661e0aade62fe020b419d60fd1b77b2cb89b4e6a3172e54029b8b0f40e9668d
results_revision12_support_density_sensitivity_20260614/RUN_LOG_20260614T142335Z.txt,12645,2a3de1eed88c0a29818c45cc793152d439241746b6f0ff61a10d76827af1acd5
results_revision12_support_density_sensitivity_20260614/RUN_LOG_20260614T142402Z.txt,12645,b46d3b58694b3f963e9e63defbe13c1e107aa8f009d4ff90649adf4581a4814a
results_revision12_support_density_sensitivity_20260614/RUN_LOG_20260614T142428Z.txt,12645,f6c24f190f4dc4e16d1aaf2d6aa8791cf9fa5e7a11d6cce8b2d2348c16636dba
results_revision12_support_density_sensitivity_20260614/table_r12_block_support_density_by_class.csv,75691,6531a1aec2b588f6be07f1642b43fdd645d0dab4db07e6fd7587e05d5c19d950
results_revision12_support_density_sensitivity_20260614/table_r12_block_support_density_by_fold_class.csv,353250,ff754d771e756ebc030a5a8bb53ced21342148c80a0eefb9f8520b35d8d05eba
results_revision12_support_density_sensitivity_20260614/table_r12_block_support_fold_audit.csv,15771,2ac02ee676825725d26663912a1dee9378ff55c7540bdb980d856d192e23a382
results_revision12_support_density_sensitivity_20260614/table_r12_legend_block_support_frontier.csv,17366,dcf190842fbba3907592394e0daa4fce2075dde2c96a036550e59057ae15975d
results_revision12_support_density_sensitivity_20260614/table_r12_targeted_sampling_shortfall_by_class.csv,4803,475f02df8e8c696c85faa5c2c445df837c2b5d1e3d108257c0599b4dd27d4f0f
results_revision12_support_density_sensitivity_20260614/table_r12_targeted_sampling_shortfall_by_fold.csv,9145,077ab16f8c3a092d6867be7016597e9f1f69a9d75ad6f6c4d546ce1801fff65d
results_revision9_aoa_conformal_20260614/aoa_conformal_provenance.json,5638,40e698a7e4285cdfb5979b11855b0728ae7dbc3a6b33726b13211c1586b7cbf1
results_revision9_aoa_conformal_20260614/class_counts_verified.csv,1533,455da73adf33fe844bd11a5e0d8012a30be0810b35db2092b43a42c405977336
results_revision9_aoa_conformal_20260614/reference_sample_audit.csv,319,cecb76783e45bf3a373e167ee2f9eba739353a29d53322fa3ea4b8e1f614efb8
results_revision9_aoa_conformal_20260614/spatial_conformal_split_audit.csv,350,4e78c6165f9e4de62f78fbdfe416a07ad996f74eb1a685f8b89eed603af44db1
results_revision9_aoa_conformal_20260614/table28_aoa_parameters.csv,4704,4df9aef58680cb1b0ab0713cc4f9d3bcc933afa2aa3ff86759743f40804d2c46
results_revision9_aoa_conformal_20260614/table29_aoa_sample_decisions.csv,372931,a9076a119b7310e17d29c9aef28ffb4772d03331effccaf69624af88819452fc
results_revision9_aoa_conformal_20260614/table30_singleton_aoa_error_enrichment.csv,2840,16b07c3022f8eddbe9f55ba83c951354187a4486afefadd3c27a0ca91c5eaad0
results_revision9_aoa_conformal_20260614/table31_dual_axis_routing_summary.csv,7793,86cacd185a7aec8f0c6407c6b56bd1fa867a3151e2acd8599c893e800722021a
results_revision9_aoa_conformal_20260614/table32_dual_axis_budget_summary.csv,23009,a474f444479868ed0e2b2382f314e095380f30543d243241dd80bbeae1e5da45
results_revision9_aoa_conformal_20260614/table33_aoa_conformal_axis_agreement.csv,13228,8d7b7deb2234ecc004a2ade7ca8dd74dad8f72a212b9aef1f3e46f750fe1f38b
results_revision9_field_audit_budget_20260614/field_audit_budget_provenance.json,2222,8ebb0c1b4f1b984d46f774219100c0b7bd1f02c7af36c441c0743762c28d72d4
results_revision9_field_audit_budget_20260614/table18_field_audit_selected_samples.csv,3566430,a44fc18ff5e48d12bb7a7ea06e417725578edd890aabed7b8816faafeaad58f4
results_revision9_field_audit_budget_20260614/table19_field_audit_budget_summary.csv,159538,9c6c32184dccec126e645fede1723008cb64f2ae8b7293b11cc1f1c746769fde
results_revision9_field_audit_budget_20260614/table20_field_audit_by_class.csv,622458,d970feb1d6e155ace977352a3a337985a825dad6045f8512b16628579c9ba074
results_revision9_leave_region_feasibility_20260614/leave_region_feasibility_provenance.json,1490,754ffd56180a3f7f20e41d75dc344f52ebdb5ae92e2adfb54761dcee7868209a
results_revision9_leave_region_feasibility_20260614/table27_leave_region_feasibility.csv,3245,55298d211e1bb574af5daae3a5f982d93b46aa824442589e0897a1843fe6caab
results_revision9_spatial_sensitivity_20260614/RUN_LOG_20260614T063022Z.txt,1868,760940ee22cd608d0188a9b62f3ec13768a465810cfca06ef3e0a0051deb3699
results_revision9_spatial_sensitivity_20260614/sample_level_failure_disagreement.csv,233243,637ceeea0ab5a3f148ca93e65dae61d57ed75b950972f1bb076a625efa439f50
results_revision9_spatial_sensitivity_20260614/spatial_cv_sensitivity_fold_audit.csv,10231,37da07530f5405e33ad0e367ac4fe569a234f20e8bbc1f7cb0e4f61612f3adb2
results_revision9_spatial_sensitivity_20260614/spatial_cv_sensitivity_predictions.csv,11744858,dc3c9f16a53017754768c5b6abf4916555381adc3d125d8e2cc631738d9a7aef
results_revision9_spatial_sensitivity_20260614/table13_spatial_cv_sensitivity.csv,106172,8c427265d0293ef916094df53a7cf33b735f94e43f4d2e929fdafc03882ec4a0
results_revision9_spatial_sensitivity_20260614/table13_spatial_cv_sensitivity_summary.csv,19586,4d722a25a22d92557a0c75ea8c9247e7afd9c12ce3077cdc88e90d0a95e7373d
results_revision9_spatial_sensitivity_20260614/targeted_validation_candidates_REVIEW_20260603.csv,555,a08774273f65da835dd1a50d9580b7dc1b9a3746c5b856c0915a970b8e8c5d64
results_revision9_spatial_sensitivity_20260614/topjournal_improvements_provenance.json,1868,760940ee22cd608d0188a9b62f3ec13768a465810cfca06ef3e0a0051deb3699
results_revision9_variogram_20260614/class_counts_verified.csv,1533,aab143dca69766042f36cc16e9317e8224aafe2f3bdf47e575ad977f8049157c
results_revision9_variogram_20260614/class_merge_drop_conformal_log.csv,3693,59d41ed17aa04a474a1dd8b55223ec12d75d63eafc0d48cd7e2d97e26b9e8de4
results_revision9_variogram_20260614/gee_asset_verification.csv,3177,05eaf34dc8985280f3621ae4d4d6a71a0c38a1b6be2d0d6a32270aa3bfc7e2c3
results_revision9_variogram_20260614/per_class_metrics.csv,158671,02af0e1fd860e24edbb34ca7f842ff8ed08e211e730847914294619a30ea4b47
results_revision9_variogram_20260614/predictions_by_fold.csv,3574821,73ea601e0b9630b44d811ef132cdc656935390f5c7125660c51e9af23dc75d8f
results_revision9_variogram_20260614/provenance.json,8813,764ac2962f92ce897d0bebeab408264535b654340e695a5957b4a890662eb7f1
results_revision9_variogram_20260614/reference_sample_audit.csv,319,42331fc6ac8890f920c42938a05517bd59204ecc492180c6d8bc09345214e505
results_revision9_variogram_20260614/RUN_LOG_20260613T204215Z.txt,15850,ec800ca1b678b388140ce8d747bfaf0001e86f481d0dbeb81595baabdadfbc86
results_revision9_variogram_20260614/run_status.csv,70,3c79f482ddfba067b06c45d12bd39da25dcef030c78f969f31bdbdf19b4604c0
results_revision9_variogram_20260614/spatial_conformal_split_audit.csv,350,1a416b13dddcccf81f36d41b3bc58316309da7fa19d438b124a21c4d891dc776
results_revision9_variogram_20260614/spatial_fold_leakage_audit.csv,870,e0ebbb6bb40688594bc8ec3cef073fb0b07841a377fc7abd06a55313b67f2222
results_revision9_variogram_20260614/study_area_audit.csv,336,9891b67652ec086f2d8be4a30291eca75fcff8d8feca3dc1f9d9555c42bd58ab
results_revision9_variogram_20260614/table3_accuracy_by_stack_split.csv,27745,f1ccae9a415c45c8a652e92bb22df9a6e22667ad237e65578154bcd15e63e4e2
results_revision9_variogram_20260614/table4_optimism_gap.csv,3480,2459bdbe31475b3cd43916081e00b79fe5d13e600bf9f188fb4cb2432709d835
results_revision9_variogram_20260614/table5_alphaearth_contrasts.csv,3717,40177fc3602b0ac80361616c8bf0c75e0eeddf9b00b5c9f18a08a43a8bcf0979
results_revision9_variogram_20260614/table6_ece.csv,25915,b1ffe761f86b63f92a2f2e758b54c71a49a65e82caa1ccde30c859064f62ed4a
results_revision9_variogram_20260614/table7_conformal.csv,7205,4180bd1a0fcdb7392bce581c41a58942d69d7e9afa8fa3bde7e927bbbd9eb110
results_revision9_variogram_20260614/table8_morans_i.csv,19331,2d4fdf5ac011e890c2bf39ecb5ad93e2f770d4a9b0480d6c59db41e24e43f50e
results_revision9_variogram_20260614/table9_landscape_regression.csv,8668,bdbc8646341567af604d28c53b3f608d224b9708ed4acb7873fbace6dbce2c6e
results_revision9_variogram_20260614/variogram_bins.csv,4027,1adc2ca0ac46e63285559440e40195b6024c59fbef0d4ef53f4fc31e57be0dbe
results_revision9_variogram_20260614/variogram_choice.json,979,b455e750e976d1ff8ff045bb80aeff0b79d33125ed3d2dcaf5193305ce9e4ff7
results_weak_reference_contamination_20260606/table24_weak_reference_agreement.csv,1303,212c9261a4e88041cb4c946ed4045297b41a20fc7eca1ecf3790b8ecd0e9bc70
results_weak_reference_contamination_20260606/table25_weak_reference_confusion.csv,8230,7f86f695fac96b1f9f2f79002fb2fd478a021241393d528f6505ee699f31b01b
results_weak_reference_contamination_20260606/table26_weak_reference_threshold_audit.csv,3497,f3b51de8b5cd8a42e52e8114e68df74d1c51895da7e1d9425d89f2f075885145
results_weak_reference_contamination_20260606/weak_reference_contamination_provenance.json,2682,93939d41aa5a6ea9bab47b98058ce26e59f64426384eb4af65c07c2759d374d6
scripts/audit_revision12_docx_structure.py,4732,b14f2ae53a16c172eb9fb16590157cd2ad85aa4bfd510048e208a95b76dc8f65
scripts/audit_revision12_submission_consistency.py,14246,1583c5423c3f8107ec70bb86f1bbb4c6597253883d3908bf16d37e9d5e2a8f1c
scripts/build_cea_revision12_support_density_main.py,30392,6253c34600541f24e2e951f3232c67e6616a85a3f9f916cdf1abeb143b7c04e7
scripts/build_open_public_evidence_audit.py,32408,9ab074b715837630da98eee10a92aea83b0b2b88f65ad635909f983f74b8e245
scripts/build_revision10_crossfit_supporting_audits.py,14124,fef5027897fe3311c04ef649c79e6d66cd7bb4fccfc8a07897564fd2ebbdfb2e
scripts/build_revision11_b3_class_diagnostics.py,11513,1f42814aef00e8a8baf109bb348d02ae384c16cb528ff2dfd029b6e775b9b0c2
scripts/build_revision11_class_support_repair.py,22391,a557b059e84ce1b9016d5b911ebae89acc379c6f01bdeb4f20ef114cb269c21f
scripts/build_revision12_submission_support_docs.py,17691,c7bf6f9869d71f81683bb96a3caa3a28cee80efe635df80e1c2e8bc582bd7575
scripts/build_revision12_support_density_sensitivity.py,39462,18a13908628170e155b305da56d49653785eede68e631f60fe657c243af9cef3
scripts/run_aoa_conformal_routing_experiment.py,33896,0e0cca74368343b6c6e097f137884a26b99a2b7c55f1a07801501f84a37fc665
scripts/run_field_audit_budget_experiment.py,22300,c9cbf35e638c500eb642aa656dd9c43295e42372b380fe70d8952602a9e438db
scripts/run_leave_region_feasibility_audit.py,13575,dae3939fbc21991a18a9c1eedff624549a9b907b4696f852b06f8d5efa071956
scripts/run_revision10_spatial_crossfit_router.py,73039,7a8078b28513877471909769d3e27f387c63ff3e8a53fea705abd70bc838e622
scripts/run_weak_reference_contamination_experiment.py,19107,a9cb123f3bde48141787c055d301e20d59f414efedeeba8419f8587b38e16914
second_reader_evidence_20260620/primary_v1_kappa/CAO_WANG_SECOND_READER_CLEAN_SUBMISSION_EVIDENCE_20260620.zip,42527,5f1306bc9b51c02234c84d5672933f55379cc9f950218210d4344e04367021c1
second_reader_evidence_20260620/primary_v1_kappa/cao_wang_second_reader_package_audit.json,2803,51fb781fac31ecc962b34b456a60f2320d3e72ee74f87ba97422e5615ef9a976
second_reader_evidence_20260620/primary_v1_kappa/cao_wang_second_reader_package_audit.md,974,ca6f1b4b2d452b7304e375a797ad7c6a83e9315b3deac1c74a60c65737282e06
second_reader_evidence_20260620/primary_v1_kappa/kappa_results_cleaned/second_reader_agreement_by_reference_class.csv,431,71eb40e034167be84e1cb472466cb1d6ef82e2ba818e558e782fe0c429323bf9
second_reader_evidence_20260620/primary_v1_kappa/kappa_results_cleaned/second_reader_confusion_matrix.csv,260,293dd2d75421826884490f71e2cb684a987c438a79e221bd4a36f7218e00f078
second_reader_evidence_20260620/primary_v1_kappa/kappa_results_cleaned/second_reader_detail_summary.csv,243,7e2f386975dbe78191207a6ee9cf89af82949c1788e8b24960cabf84c174f5af
second_reader_evidence_20260620/primary_v1_kappa/kappa_results_cleaned/second_reader_detail_summary.json,1248,1c3598c403f83a244999dd5850d633383f09c2d85bbcd5d46022da1949b0e288
second_reader_evidence_20260620/primary_v1_kappa/kappa_results_cleaned/second_reader_kappa_pairs.csv,19413,360b1207b5aef4e5260e4f4e201a8fe6b168fae492bd712c38be8a4bd70bf18e
second_reader_evidence_20260620/primary_v1_kappa/kappa_results_cleaned/second_reader_kappa_row_status.csv,23907,b15f64ec0f0398686ec0e57378034bb81ff41c5cf78751b6e1555afb524377d8
second_reader_evidence_20260620/primary_v1_kappa/kappa_results_cleaned/second_reader_kappa_summary.csv,673,aa008ca4c4b9f0f35af472ebc38b813bc73fc409f381af464d633789795cedff
second_reader_evidence_20260620/primary_v1_kappa/kappa_results_cleaned/second_reader_kappa_summary.json,1744,b72e2849becca725c09c50d01ccc10015d697ed72652c7e84bf73612ab1a3983
second_reader_evidence_20260620/primary_v1_kappa/kappa_results_cleaned/second_reader_row_quality.csv,29769,90be93fa8e28978085b18f67b2a39220236cb47d471e9f9162073b60eb0f2ddd
second_reader_evidence_20260620/primary_v1_kappa/README_STATUS_CORRECTION_20260623.md,574,ed36dc9af09f084dc7cbb016dfb3b8c81674c5db78429f32498438597e9d5e95
second_reader_evidence_20260620/rubber_rescreen_v2/kappa_results_v2/second_reader_kappa_pairs.csv,19370,31a76ded0b8c2bdf475d9b2b3eab284f5bc559dad3b76c53b803365a2977b835
second_reader_evidence_20260620/rubber_rescreen_v2/kappa_results_v2/second_reader_kappa_row_status.csv,23861,5d75371abb76c8d7aba53d0313ce8814fae44597033c73e7a100a9e17111631f
second_reader_evidence_20260620/rubber_rescreen_v2/kappa_results_v2/second_reader_kappa_summary.csv,613,e77b89f7c988d80357f984cdbd400cab40274588601700deb64c7aa5e5bcdbd2
second_reader_evidence_20260620/rubber_rescreen_v2/kappa_results_v2/second_reader_kappa_summary.json,1262,d939a5224c04be3e24683cbf5263d2f7ed075ec1a4cb6df45d92cebd3f5d6981
second_reader_evidence_20260620/rubber_rescreen_v2/README_V2_SENSITIVITY_20260623.md,227,c6cf59f9288e2cf52e4bbf1c53b7a59e907aa82d5780fa8e6340437f63417ffd
second_reader_evidence_20260620/rubber_rescreen_v2/rescreen_v2_audit_outputs/rescreen_v2_agreement_by_reference_class.csv,431,d235340f5ca306a1915bcdbb581c1cc70ffa00b6c86974d2c03e07a1aecca255
second_reader_evidence_20260620/rubber_rescreen_v2/rescreen_v2_audit_outputs/rescreen_v2_audit_summary.csv,341,770ff28a4149032108d05205bc19fa2c965ced15a7009bf2ba4c6b5d5d758337
second_reader_evidence_20260620/rubber_rescreen_v2/rescreen_v2_audit_outputs/rescreen_v2_audit_summary.json,3143,01e0cc30177547b62824d4f311f79cb2ac5db6887f111f543f8653ddda65fa40
second_reader_evidence_20260620/rubber_rescreen_v2/rescreen_v2_audit_outputs/rescreen_v2_changed_rows_vs_previous_completed.csv,4526,c1e9e6320da6aeeccccb7259d3e5ef02d8a1e13eabccf60ca7c578e2394af767
second_reader_evidence_20260620/rubber_rescreen_v2/rescreen_v2_audit_outputs/rescreen_v2_confusion_matrix.csv,259,b38f2d37db3990dc7f92daedc0fbd383bc0779fd4077c92f24fb609fad1fcb36
second_reader_evidence_20260620/rubber_rescreen_v2/rescreen_v2_audit_outputs/rescreen_v2_row_quality.csv,31732,8eab288976a91bf82b18cc42ac7b34897b2414fb1196bfd77e63c905ef49796b
second_reader_evidence_20260620/rubber_rescreen_v2/SECOND_READER_R2_RUBBER_RESCREENED_V2_CLEAN_AUDITED_20260620.zip,2197011,8871c5a1ff5614d609b62db9d8aaaa7cd782f5a271220a53a57525024be88acc
